{"ProjectBreakpointSettingValue":"{\"Value\":{\"Main.xaml\":[],\"Sequence.xaml\":[],\"GlobalHandler.xaml\":[],\"Framework/GetTransactionData.xaml\":[],\"Framework/SetTransactionStatus.xaml\":[],\"Process.xaml\":[],\"Common/SendEmail.xaml\":[],\"System1/Login.xaml\":[],\"Framework/GetAppCredentials.xaml\":[],\"System1/Logout.xaml\":[],\"sha1-online/SHA1_Online Open.xaml\":[],\"sha1-online/SHA1_Online Close.xaml\":[],\"Framework/InitAllApplications.xaml\":[],\"Framework/CloseAllApplications.xaml\":[],\"Framework/KillAllProcesses.xaml\":[],\"System1/System1_NavigateTo_WorkItems.xaml\":[],\"System1/System1_Extract_DataTable.xaml\":[],\"System1/System1_NavigateTo_WIDetails.xaml\":[],\"System1/System1_ExtractClientInformation.xaml\":[],\"sha1-online/SHA1_Online_GetHashCode.xaml\":[],\"sha1-online/SHA1Online_ProcessHash.xaml\":[],\"System1/System1_UpdateWorkItem.xaml\":[]}}"}