{"ProjectBreakpointSettingValue":"{\"Value\":{\"Main.xaml\":[],\"Dispatcher-UploadQueue.xaml\":[],\" UiDemo_Login.xaml\":[],\"Dispatcher – UploadQueue.xaml\":[],\"Framework/GetAppCredentials.xaml\":[],\"Framework/InitAllSettings.xaml\":[],\"Process.xaml\":[],\"Framework/KillAllProcesses.xaml\":[],\"_Test.xaml\":[],\"Framework/InitAllApplications.xaml\":[],\"UiDemo/UiDemo_Login.xaml\":[],\"Process1.xaml\":[],\"Framework/CloseAllApplications.xaml\":[],\"Framework/GetTransactionData.xaml\":[]}}"}